Name,Path,Type,Category,SizeBytes,LastModified,Valid
ColorBlindPalette,Assets/Resources/Configs/ColorBlindPalette.asset,ColorBlindPaletteAsset,Config,1464,22 Tem 09:12,True
EconomyConfig,Assets/Resources/Configs/EconomyConfig.asset,EconomyConfigAsset,Config,672,22 Tem 09:12,True
EventTemplate_CollectionFrenzy,Assets/Resources/Configs/EventTemplate_CollectionFrenzy.asset,VehicleSkinConfig,Config,1100,25 Tem 12:35,True
EventTemplate_RushHour,Assets/Resources/Configs/EventTemplate_RushHour.asset,VehicleSkinConfig,Config,1002,25 Tem 12:34,True
EventTemplate_StarRace,Assets/Resources/Configs/EventTemplate_StarRace.asset,VehicleSkinConfig,Config,1189,25 Tem 12:35,True
GameConfig,Assets/Resources/Configs/GameConfig.asset,GameConfig,Config,2937,25 Tem 21:20,True
LevelCatalog,Assets/Resources/Configs/LevelCatalog.asset,LevelCatalogAsset,Config,44762,25 Tem 21:42,True
Phase1_Levels1-12,Assets/Resources/Configs/Phase1_Levels1-12.asset,PhaseDefinitionAsset,Config,752,25 Tem 15:11,True
Phase2_Levels13-28,Assets/Resources/Configs/Phase2_Levels13-28.asset,PhaseDefinitionAsset,Config,754,25 Tem 15:11,True
Phase3_Levels29-45,Assets/Resources/Configs/Phase3_Levels29-45.asset,PhaseDefinitionAsset,Config,754,25 Tem 15:11,True
Phase4_Levels46-60,Assets/Resources/Configs/Phase4_Levels46-60.asset,PhaseDefinitionAsset,Config,755,25 Tem 15:11,True
PhaseConfig,Assets/Resources/Configs/PhaseConfig.asset,PhaseConfigAsset,Config,754,25 Tem 15:40,True
StopSkin_CandyLand,Assets/Resources/Configs/Skins/StopSkin_CandyLand.asset,VehicleSkinConfig,Config,618,25 Tem 12:06,True
StopSkin_CandyShop,Assets/Resources/Configs/Skins/StopSkin_CandyShop.asset,VehicleSkinConfig,Config,617,25 Tem 12:05,True
StopSkin_CrystalCave,Assets/Resources/Configs/Skins/StopSkin_CrystalCave.asset,VehicleSkinConfig,Config,624,25 Tem 12:08,True
StopSkin_CyberCity,Assets/Resources/Configs/Skins/StopSkin_CyberCity.asset,VehicleSkinConfig,Config,618,25 Tem 12:07,True
StopSkin_EnchantedForest,Assets/Resources/Configs/Skins/StopSkin_EnchantedForest.asset,VehicleSkinConfig,Config,636,25 Tem 12:06,True
StopSkin_FuturisticCity,Assets/Resources/Configs/Skins/StopSkin_FuturisticCity.asset,VehicleSkinConfig,Config,633,25 Tem 12:06,True
StopSkin_MedievalCastle,Assets/Resources/Configs/Skins/StopSkin_MedievalCastle.asset,VehicleSkinConfig,Config,633,25 Tem 12:05,True
StopSkin_NeonCity,Assets/Resources/Configs/Skins/StopSkin_NeonCity.asset,VehicleSkinConfig,Config,615,25 Tem 12:06,True
StopSkin_PastelPark,Assets/Resources/Configs/Skins/StopSkin_PastelPark.asset,VehicleSkinConfig,Config,620,25 Tem 12:04,True
StopSkin_SpaceStation,Assets/Resources/Configs/Skins/StopSkin_SpaceStation.asset,VehicleSkinConfig,Config,627,25 Tem 12:05,True
StopSkin_UnderwaterWorld,Assets/Resources/Configs/Skins/StopSkin_UnderwaterWorld.asset,VehicleSkinConfig,Config,636,25 Tem 12:06,True
VehicleSkin_AppleCar,Assets/Resources/Configs/Skins/VehicleSkin_AppleCar.asset,VehicleSkinConfig,Config,664,25 Tem 11:11,True
VehicleSkin_BananaCar,Assets/Resources/Configs/Skins/VehicleSkin_BananaCar.asset,VehicleSkinConfig,Config,667,25 Tem 11:12,True
VehicleSkin_BlueberryVan,Assets/Resources/Configs/Skins/VehicleSkin_BlueberryVan.asset,VehicleSkinConfig,Config,676,25 Tem 11:10,True
VehicleSkin_BurgerTruck,Assets/Resources/Configs/Skins/VehicleSkin_BurgerTruck.asset,VehicleSkinConfig,Config,671,25 Tem 12:01,True
VehicleSkin_CandyAppleCar,Assets/Resources/Configs/Skins/VehicleSkin_CandyAppleCar.asset,VehicleSkinConfig,Config,680,25 Tem 12:03,True
VehicleSkin_CandyCaneTruck,Assets/Resources/Configs/Skins/VehicleSkin_CandyCaneTruck.asset,VehicleSkinConfig,Config,681,25 Tem 11:08,True
VehicleSkin_CherryCar,Assets/Resources/Configs/Skins/VehicleSkin_CherryCar.asset,VehicleSkinConfig,Config,667,25 Tem 11:11,True
VehicleSkin_ChocolateCar,Assets/Resources/Configs/Skins/VehicleSkin_ChocolateCar.asset,VehicleSkinConfig,Config,676,25 Tem 12:02,True
VehicleSkin_CookieCar,Assets/Resources/Configs/Skins/VehicleSkin_CookieCar.asset,VehicleSkinConfig,Config,666,25 Tem 12:02,True
VehicleSkin_CottonCandyCar,Assets/Resources/Configs/Skins/VehicleSkin_CottonCandyCar.asset,VehicleSkinConfig,Config,683,25 Tem 11:09,True
VehicleSkin_CupcakeCar,Assets/Resources/Configs/Skins/VehicleSkin_CupcakeCar.asset,VehicleSkinConfig,Config,669,25 Tem 11:08,True
VehicleSkin_DonutTruck,Assets/Resources/Configs/Skins/VehicleSkin_DonutTruck.asset,VehicleSkinConfig,Config,667,25 Tem 11:07,True
VehicleSkin_GoldenBus,Assets/Resources/Configs/Skins/VehicleSkin_GoldenBus.asset,VehicleSkinConfig,Config,687,24 Tem 21:46,True
VehicleSkin_GrapeSodaCar,Assets/Resources/Configs/Skins/VehicleSkin_GrapeSodaCar.asset,VehicleSkinConfig,Config,672,25 Tem 11:10,True
VehicleSkin_GrapeTruck,Assets/Resources/Configs/Skins/VehicleSkin_GrapeTruck.asset,VehicleSkinConfig,Config,667,25 Tem 11:10,True
VehicleSkin_HotDogVan,Assets/Resources/Configs/Skins/VehicleSkin_HotDogVan.asset,VehicleSkinConfig,Config,667,25 Tem 11:08,True
VehicleSkin_IceCreamTruck,Assets/Resources/Configs/Skins/VehicleSkin_IceCreamTruck.asset,VehicleSkinConfig,Config,690,24 Tem 21:46,True
VehicleSkin_LemonadeCar,Assets/Resources/Configs/Skins/VehicleSkin_LemonadeCar.asset,VehicleSkinConfig,Config,672,25 Tem 11:09,True
VehicleSkin_LemonCar,Assets/Resources/Configs/Skins/VehicleSkin_LemonCar.asset,VehicleSkinConfig,Config,664,25 Tem 11:11,True
VehicleSkin_MilkshakeCar,Assets/Resources/Configs/Skins/VehicleSkin_MilkshakeCar.asset,VehicleSkinConfig,Config,676,25 Tem 12:03,True
VehicleSkin_MonsterTruck,Assets/Resources/Configs/Skins/VehicleSkin_MonsterTruck.asset,VehicleSkinConfig,Config,686,24 Tem 21:46,True
VehicleSkin_New,Assets/Resources/Configs/Skins/VehicleSkin_New.asset,VehicleSkinConfig,Config,676,23 Tem 13:12,True
VehicleSkin_OrangeJuiceTruck,Assets/Resources/Configs/Skins/VehicleSkin_OrangeJuiceTruck.asset,VehicleSkinConfig,Config,681,25 Tem 11:10,True
VehicleSkin_PineappleCar,Assets/Resources/Configs/Skins/VehicleSkin_PineappleCar.asset,VehicleSkinConfig,Config,676,25 Tem 12:00,True
VehicleSkin_PizzaCar,Assets/Resources/Configs/Skins/VehicleSkin_PizzaCar.asset,VehicleSkinConfig,Config,664,25 Tem 12:00,True
VehicleSkin_PopsicleCar,Assets/Resources/Configs/Skins/VehicleSkin_PopsicleCar.asset,VehicleSkinConfig,Config,672,25 Tem 11:09,True
VehicleSkin_RainbowCar,Assets/Resources/Configs/Skins/VehicleSkin_RainbowCar.asset,VehicleSkinConfig,Config,671,25 Tem 12:03,True
VehicleSkin_RamenTruck,Assets/Resources/Configs/Skins/VehicleSkin_RamenTruck.asset,VehicleSkinConfig,Config,667,25 Tem 12:02,True
VehicleSkin_StrawberryCar,Assets/Resources/Configs/Skins/VehicleSkin_StrawberryCar.asset,VehicleSkinConfig,Config,678,25 Tem 11:10,True
VehicleSkin_SushiCar,Assets/Resources/Configs/Skins/VehicleSkin_SushiCar.asset,VehicleSkinConfig,Config,664,25 Tem 12:02,True
VehicleSkin_TacoTruck,Assets/Resources/Configs/Skins/VehicleSkin_TacoTruck.asset,VehicleSkinConfig,Config,664,25 Tem 12:01,True
VehicleSkin_UnicornCar,Assets/Resources/Configs/Skins/VehicleSkin_UnicornCar.asset,VehicleSkinConfig,Config,670,25 Tem 12:03,True
VehicleSkin_WatermelonCar,Assets/Resources/Configs/Skins/VehicleSkin_WatermelonCar.asset,VehicleSkinConfig,Config,679,25 Tem 11:12,True
VehicleSkin_WatermelonTruck,Assets/Resources/Configs/Skins/VehicleSkin_WatermelonTruck.asset,VehicleSkinConfig,Config,682,25 Tem 11:09,True
StorageKeysConfig,Assets/Resources/Configs/StorageKeysConfig.asset,StorageKeysConfigAsset,Config,1289,25 Tem 21:48,True
ThemePalette,Assets/Resources/Configs/ThemePalette.asset,ThemePaletteAsset,Config,1767,22 Tem 08:45,True
ThemePalette_Candy,Assets/Resources/Configs/ThemePalette_Candy.asset,ThemePaletteAsset,Config,1772,25 Tem 12:27,True
ThemePalette_Forest,Assets/Resources/Configs/ThemePalette_Forest.asset,ThemePaletteAsset,Config,1731,25 Tem 12:29,True
ThemePalette_Neon,Assets/Resources/Configs/ThemePalette_Neon.asset,ThemePaletteAsset,Config,1731,25 Tem 12:28,True
VehicleMaterialConfig,Assets/Resources/Configs/VehicleMaterialConfig.asset,VehicleMaterialConfigAsset,Config,738,22 Tem 08:56,True
VehicleVisualConfig,Assets/Resources/Configs/VehicleVisualConfig.asset,VehicleVisualConfigAsset,Config,1999,25 Tem 21:19,True
Level1,Assets/Resources/Levels/Level1.asset,LevelData,Level,1794,23 Tem 15:56,True
Level2,Assets/Resources/Levels/Level2.asset,LevelData,Level,2136,23 Tem 15:56,True
Level3,Assets/Resources/Levels/Level3.asset,LevelData,Level,2321,23 Tem 15:56,True
MainLevelPack,Assets/Resources/Levels/MainLevelPack.asset,LevelPack,Level,711,22 Tem 04:59,True
